name,description,ingredients_raw,steps,tags
Chocolate Chewies,From Family Circle All-Time Favorite Recipes.,"['2 1/2  cups    all-purpose flour', '3/4  cup    unsweetened cocoa powder', '1   teaspoon    baking powder', '1/4  teaspoon    salt', '1   cup    unsalted butter, at room temperature ', '3/4  cup   packed light brown sugar', '3/4  cup    sugar', '2       eggs', '2   teaspoons    vanilla', '3/4  cup   hot brewed coffee', '1   cup   red and green candy covered plain chocolate candies (red and green M&Ms)', '1/2  cup   toasted pine nuts']","['Sift together the flour, cocoa powder, baking powder, and salt into a mixing bowl; set aside.', 'In a large mixing bowl, beat the butter until creamy.', 'Beat in the sugars until light and fluffy.', 'Beat in the eggs, one at a time, then the vanilla.', 'Beat flour mixture into butter mixture.', 'Stir in hot coffee.', 'Fold in chocolate pieces and pine nuts.', 'Drop dough by heaping tablespoonfuls onto an ungreased cookie sheet.', 'Bake in a 375° oven for 8-11 minutes or until set.', 'Let cool slightly on the cookie sheet; then transfer to a wire rack to cool completely.']","['60-minutes-or-less', 'time-to-make', 'course', 'main-ingredient', 'preparation', 'desserts', 'oven', 'cookies-and-brownies', 'chocolate', 'dietary', 'low-sodium', 'low-in-something', 'equipment']"
1 Cup Cookies,A cookie recipe that is measured by the cup ( with 2 exceptions) so it is easy to remember.,"['1   cup    margarine', '1   cup    brown sugar', '1   cup    white sugar', '2       eggs', '1   cup    peanut butter', '1   teaspoon    vanilla', '1   cup    flour', '1   cup    oats', '2   teaspoons    baking soda', '1   cup    coconut', '1   cup    dried cranberries', '1   cup    pecans', '1   cup    chocolate chips']","['Preheat oven to 350.', 'Blend together the first 3 ingredients.', 'Add the next 3 ingredients and mix well.', 'Add the next 3 ingredients and mix well.', 'Mix in the last 4 ingredients.', 'Place on cookie sheet by the tablespoon.', 'Bake for 12 minutes.']","['30-minutes-or-less', 'time-to-make', 'course', 'main-ingredient', 'cuisine', 'preparation', 'north-american', 'snacks', 'canadian', 'ontario', 'peanut-butter']"
Butterscotch Oatmeal Bites,Fun and yummy kid snack. Perfect to make with the kids!  Also a great snack for the classroom (just make sure no one has peanut allergies!),"['2 1/2  cups    miniature marshmallows', '1   cup    butterscotch chips', '1/4  cup    peanut butter', '2   tablespoons    butter (no substitutes)', '3   cups    Cheerios toasted oat cereal', '1/2  cup    raisins', '1/2  cup    flaked coconut']","['In heavy saucepan, combine marshmallows, butterscotch chips, peanut butter, and butter.', 'Cook and stir on medium-high heat until melted.', 'Remove from heat.', 'Stir in Cheerios, raisins, and coconut.  Drop by bite size pieces onto wax paper.  Let stand for 10 minutes.']","['30-minutes-or-less', 'time-to-make', 'course', 'preparation', 'drop-cookies', 'desserts', 'easy', 'beginner-cook', 'kid-friendly', 'candy', 'cookies-and-brownies', 'dietary', 'toddler-friendly']"
Tra Vigne Biscotti,An anise cookie from Michael Chiarello. Time does not include chilling time or cooling time after the first bake.,"['3 1/2  cups    all-purpose flour, plus more ', '  all-purpose flour, for dusting work surfaces ', '1 1/2  teaspoons    baking powder', '1   teaspoon    salt', '1/2  cup    unsalted butter, at room temperature ', '2/3  cup    turbinado sugar, plus more to roll logs in ', '1/3  cup   packed light brown sugar', '5   large    eggs', '6   tablespoons   whole anise seed', '1   cup    unblanched whole almonds, toasted ']","['Sift together the flour, baking powder, and salt and set aside. In the bowl of a stand mixer fitted with the paddle attachment, cream together the butter, turbinado sugar, and brown sugar until light and fluffy. Add the eggs, flour mixture, and aniseed. Beat on low just until the dough begins to come together. Add the almonds and mix just until distributed. Do not overwork. On a floured board, shape the dough into a ball, flatten, put in a bowl, and chill for 2 hours to allow the dough to relax.', 'Preheat the oven to 325°F Line a baking sheet with parchment paper. Divide the dough into 2 equal portions on a lightly floured work surface. Using your hands, roll each portion into a log about 3 inches in diameter. Roll the logs in turbinado sugar to coat well. Place the logs on the prepared baking sheet and press down lightly to flatten slightly. Logs should be several inches apart. (For more delicate cookies, divide in thirds and roll into logs 2 inches in diameter.).', 'Bake until firm and light brown, about 1 hour. When poked with a finger, the dough should feel firm to the touch and not collapse or cave inches Remove from the oven, then lower the oven temperature to 300°F.', 'Let the logs cool completely. Carefully move them, still on the parchment, to a cutting board, then peel off the parchment. Cut the logs with a sharp serrated knife into 1/3- to 1/2-inch-thick slices. Lay the slices down on a baking sheet and return to the oven. Bake until toasted to a golden brown on both sides, about 50 minutes. Turn the cookies during toasting, as needed, to brown evenly on both sides. Let cool completely, then store in an airtight container.']","['time-to-make', 'course', 'cuisine', 'preparation', 'for-large-groups', 'desserts', 'european', 'cookies-and-brownies', 'italian', 'biscotti', 'number-of-servings', '4-hours-or-less']"
Sweet &amp; Salty Pretzel Brownies,"I found this amazing recipe in Woman's Day magazine.  Trust me this recipe is delicious, rich and decadent.  It has slightly more of a candy bar texture than brownie.  It reminds me of a Take 5 candy bar.  I made this for Mother's Day and everyone thinks I'm genius.Baking time includes refrigeration.","['8   ounces    semi-sweet chocolate chips', '4   ounces    unsweetened baking chocolate, coarsely chopped ', '1/2  cup    unsalted butter', '60       saltine crackers, finely crushed ', '14   ounces    fat-free sweetened condensed milk', '3   cups   bite-size pretzels']",[],"['time-to-make', 'course', 'main-ingredient', 'preparation', 'occasion', 'desserts', 'easy', 'finger-food', 'romantic', 'candy', 'cookies-and-brownies', 'chocolate', 'gifts', 'comfort-food', 'taste-mood', 'sweet', 'presentation', '4-hours-or-less']"
Chocolate Roll-Out Sugar Cookies,we were supposed to bake these in my foods class but ran out of time.,"['1/2  cup    margarine', '3/4  cup    sugar', '1       egg', '3/4  teaspoon    vanilla', '1   tablespoon    milk', '1 1/2  cups    flour', '1/3  cup    cocoa', '1/2  teaspoon    baking powder', '1/8  teaspoon    salt']","['Cream margarine and sugar together with electric mixer.', 'Add egg and beat with electric mixer.', 'Add vanilla and milk and beat with electric mixer until light and fluffy.', 'In a separate bowl, stir together flour, cocoa, baking powder, salt.', 'Stir with a spoon, the flour mixture into the creamed mixture.', 'Place dough into lock seal bag. refrigerate 2-3 hours or overnight.', 'Preheat oven to 325 degrees F.', 'Lightly flour dough board.', 'Using a floured rolling pin, roll out half of dough to 1/8 inch thickness.', 'Cut into desired shapes with floured cookie cutters.', 'Place cookies onto ungreased cookie sheets and sprinkle lightly with granulated sugar.', 'Bake 6-8 minutes, or until touched lightly in the center of cookie with finger the imprint does not show.']","['time-to-make', 'course', 'cuisine', 'preparation', 'north-american', 'rolled-cookies', 'desserts', 'american', 'oven', 'easy', 'refrigerator', 'beginner-cook', 'finger-food', 'cookies-and-brownies', 'equipment', 'small-appliance', 'mixer', 'presentation', '4-hours-or-less']"
Butterfinger Cookies,A very special peanut butter cookie studded with bits of Butterfinger candy.,"['3/4  cup    sugar', '2/3  cup    light brown sugar, packed ', '1/2  cup    unsalted butter, room temp ', '2       egg whites', '1 1/2  teaspoons    vanilla', '1 1/4  cups    chunky peanut butter', '1   cup    flour', '1/2  teaspoon    salt', '1 1/2  teaspoons    baking soda', '5 (2 1/8  ounce)    butterfinger candy bars']","['Preheat oven to 350 degrees.', 'Lightly grease 2 cookie sheets.', 'In a food processor, blend sugars, butter, egg whites, and vanilla until light and fluffy, stopping once to scrape down the sides of the work bowl, about 1 minute.', 'Add the peanut butter and process using on/off pulses until combined, about 20 seconds.', 'Add flour, salt and baking soda and blend until just combined using 2 to 3 on/off turns; do not over process.', 'Transfer mixture to a large bowl.', 'Cut candy bars into 1/2 inch pieces and stir into dough.', 'Mound dough by 1 1/2 tablespoons onto prepared sheets, spacing 2 inches apart.', 'Flatten slightly using fingers.', 'Bake until dry in appearance and centers are slightly soft to touch, about 15 minutes.', 'Cool on cookie sheets 3 minutes before removing (they will fall apart until the candy hardens up a bit).', 'Transfer to wire racks to cool completely.']","['30-minutes-or-less', 'time-to-make', 'course', 'main-ingredient', 'preparation', 'occasion', 'drop-cookies', 'desserts', 'oven', 'potluck', 'dinner-party', 'fall', 'heirloom-historical', 'holiday-event', 'kid-friendly', 'picnic', 'romantic', 'spring', 'summer', 'winter', 'cookies-and-brownies', 'easter', 'chocolate', 'dietary', 'gifts', 'christmas', 'new-years', 'seasonal', 'comfort-food', 'brown-bag', 'independence-day', 'valentines-day', 'toddler-friendly', 'superbowl', 'taste-mood', 'sweet', 'to-go', 'equipment', 'number-of-servings']"
Traditional Italian Pizzelles (Not Waffles),Delicious Italian pizzelles. (They're not waffles!) Pizzelle iron needed to make!,"['3       eggs', '1 3/4  cups    flour', '3/4  cup    sugar', '1   tablespoon    vanilla', '1/2  cup   melted margarine (melt in glass measuring cup in microwave for 45 seconds)', '2   teaspoons    baking powder', '  powdered sugar']","['Put the eggs in a large bowl and with a wire whisk beat until foamy- add sugar 1/4 cup at a time. Beat until smooth.', 'Add margarine and flavoring.', 'Sift flour and baking powder together. add to above!', 'Blend until smooth, scrape sides of bowls to combine well.', 'Drop batter by teaspoon full measures on to preheated Pizzelle Iron.', 'Bake 30 seconds- till golden.', 'Remove with a fork- let them cool- add powdered sugar.']","['60-minutes-or-less', 'time-to-make', 'course', 'main-ingredient', 'cuisine', 'preparation', 'occasion', 'hand-formed-cookies', 'desserts', 'eggs-dairy', 'easy', 'european', 'beginner-cook', 'heirloom-historical', 'holiday-event', 'vegetarian', 'cookies-and-brownies', 'italian', 'eggs', 'dietary', 'christmas']"
Grandma Georgia’s Molasses Cookies,"This is one of my favorite cookie recipes because it reminds me of childhood and Mom baking these for school lunches. I hadn’t had molasses cookies in years and then last year I spent some time with my mother-in-law, Vicki, who might just love molasses cookies as much as I do. These are simple to make and the molasses cookies fill the house with the incredible aromas of ginger and cinnamon.","['3/4  cup    vegetable shortening', '1   cup    sugar', '1/4  cup    molasses', '1       egg', '2   teaspoons    baking soda', '2   cups    all-purpose flour', '1/2  teaspoon    ground ginger', '1   teaspoon    cinnamon', '1/2  teaspoon    table salt']","['Melt the shortening and let it cool. Mix the dry ingredients together. Add the sugar, molasses, and egg to the shortening. Stir in the dry ingredients and mix until combined. Chill until firm.', 'Preheat the oven to 375ºF. Form the dough into balls about 1 inch in size. Place a little white sugar in a small bowl and roll each ball in the sugar. Place the balls about 2 inches apart on an ungreased cookie sheet. Bake for 8 to 10 minutes.', 'Leave the cookies on the cookie sheet for 3 to 5 minutes. The cookies will be soft but they will harden as they cool.']","['60-minutes-or-less', 'time-to-make', 'course', 'cuisine', 'preparation', 'occasion', 'north-american', 'hand-formed-cookies', 'desserts', 'lunch', 'snacks', 'canadian', 'easy', 'kid-friendly', 'picnic', 'cookies-and-brownies', 'dietary', 'comfort-food', 'brown-bag', 'ontario', 'toddler-friendly', 'taste-mood', 'to-go', 'camping', '3-steps-or-less']"
Date Tart Cookies,"From Sunset ""Cookies"" book (1985). The preparation time calculations do not include the minimum 2 hour resting period for the dough.","['1/2  cup    butter or 1/2  cup    margarine, softened ', '1   cup    brown sugar, firmly packed ', '2       eggs', '1   teaspoon    vanilla', '2   cups    all-purpose flour', '1/2  cup    wheat germ, unsweetened and toasted ', '1/2  teaspoon    salt', '1/2  teaspoon    nutmeg', '1/4  teaspoon    baking soda', '1 1/2  cups    pitted dates, lightly packed ', '1/2  cup    water', '2   tablespoons    honey', '1/2  teaspoon    vanilla']","['COOKIE DOUGH: In a large bowl of an electric mixer, beat butter and sugar until creamy; beat in eggs and vanilla.', 'In another bowl, stir together flour, wheat germ, salt, nutmeg, and baking soda; gradually add to butter mixture, blending thoroughly.', 'Cover dough tightly with plastic wrap and refrigerate until easy to handle (at least 2 hours) for up to 3 days. Meanwhile, prepare date filling.', 'DATE FILLING: In a small pan, combine all the ingredients except the vanilla. Cook over medium heat, stirring and mashing with a spooon, until mixture is thick and smooth. Stir in vanilla.', 'Let cool; then cover and refrigerate.', 'COOKIE ASSEMBLY: Preheat oven to 350°F.', 'Take out 1/3 of the dough, leaving remaining dough in the refrigerator. On a well-floured board, roll out dough to 1/16-inch thickness; cut out with a 3-inch cookie cutter. Repeat with remaining dough, rolling and cutting one portion at a time.', 'Place half the cookies slightly apart on greased baking sheets; spoon a heaping teaspoonful of filling into each. Cover each with another cookie and press edges together with a floured fork. Decoratively slash top, if desired.', 'Bake in a 350°F oven for 12 to 15 minutes or until lightly browned. Transfer to racks and let cool. Store airtight.']","['60-minutes-or-less', 'time-to-make', 'course', 'main-ingredient', 'cuisine', 'preparation', 'north-american', 'for-large-groups', 'healthy', 'rolled-cookies', 'desserts', 'fruit', 'american', 'cookies-and-brownies', 'dietary', 'number-of-servings']"
Super Simple Cookies and Cream Ice Cream,This super simple recipe only has 4 ingredients and doesn't need an ice cream machine,"['2 cups heavy cream', '7 ounces condensed milk', '12 chocolate sandwich style cookies, crumbled, additional cookies for topping if desired', '1 teaspoon vanilla extract or 1 teaspoon flavoring']","['In a large bowl, add the cream and condensed milk, then whip until soft peaks form.', 'Add the cookies and vanilla then gently fold to combine.', 'Transfer mixture to a baking pan. Top with additional cookies if desired, then freeze for 3-4 hours.', 'Enjoy!']","['time-to-make', 'course', 'main-ingredient', 'preparation', 'occasion', '5-ingredients-or-less', 'desserts', 'eggs-dairy', 'easy', 'kid-friendly', 'vegetarian', 'dietary', 'low-sodium', 'comfort-food', 'low-in-something', 'taste-mood', 'sweet', '4-hours-or-less', 'ice-cream', 'from-scratch']"
Classic Snickerdoodles,"I've used this recipe for years, its from Better Homes and Garden's Heritage Cookbook. They are moist and chewy and have an excellent flavor. A warning however, they are addictive, just try to have one.","['3 3/4  cups    all-purpose flour', '1/2  teaspoon    baking soda', '1/2  teaspoon    cream of tartar', '1   cup    butter, softened ', '2   cups    sugar', '2       eggs', '1/4  cup    milk', '2   teaspoons    vanilla', '3   tablespoons    sugar', '1   tablespoon    cinnamon']","['Preheat oven to 375 degrees. In a small bowl mix 3 tbl. of sugar and 1 tbl. of cinnamon. Set aside. Next, cream butter and sugar until fluffy.  Add vanilla, milk, and eggs and beat well.  Add baking soda, cream of tartar, and flour until the dough is well combined and formed.Make one inch balls with a cookie scoop or spoon. Roll each ball in the mixture of cinnamon sugar.Place cookies on a parchment paper (or greased) cookie sheet and slightly flatten each ball with the palm of your hand. Bake for 8-10 minutes until light golden.']","['30-minutes-or-less', 'time-to-make', 'course', 'preparation', 'for-large-groups', 'desserts', 'easy', 'cookies-and-brownies', 'number-of-servings', '3-steps-or-less', 'sugar-cookies']"
Grammy Dorothy’s Brownies,"Dated 6/21/78, this is a victory for my mother, since no one else got the famed brownie recipe.  These are amazing.  They must be done by hand in order to insure the proper texture.  Just think, you’re pre-emotively burning calories!","['1/2  cup    shortening', '1   cup    granulated sugar', '2   large    eggs, beaten ', '2   ounces    unsweetened chocolate, melted ', '3/4  cup   sifted cake flour', '1/4  teaspoon    baking powder', '1/4  teaspoon    salt', '3/4  cup   chopped nuts']","['Work shortening with spoon until fluffy and creamy.', 'Gradually add sugar, while continually working with spoon until light.', 'Add eggs and the melted chocolate.', 'Mix and sift the flour, baking powder and salt, and add, along with the nuts.', 'Mix well, and turn into a greased 8x8 square pan.', 'Bake at 350° for 30-35 minutes.']","['60-minutes-or-less', 'time-to-make', 'course', 'main-ingredient', 'preparation', 'for-large-groups', 'desserts', 'cookies-and-brownies', 'chocolate', 'number-of-servings']"
Pignoli Cookies,"I found this recipe a few years ago in Good Housekeeping's annual cookie contest.  While this recipe has expensive ingredients, it's well worth it for Christmas because everyone loves them so much!","['2       egg whites', '7   ounces    almond paste', ""1/2  cup    confectioners' sugar"", '1/2  cup    granulated sugar', '1/4  cup    flour', '1   pinch    salt', '1 1/4  cups    pine nuts (pignoli)']",[],"['30-minutes-or-less', 'time-to-make', 'course', 'preparation', 'rolled-cookies', 'desserts', 'cookies-and-brownies', 'dietary', 'low-sodium', 'low-in-something']"
Rum Balls,My family bakes up the scraps from the Fannie Farmer Sugar Cookie recipe and crumbs that for the base of these delicious cookies,"['3   cups    sugar cookies or 3   cups    vanilla wafers', '2   cups    icing sugar', '6   tablespoons    cocoa', '1   cup   finely chopped nuts', '6   tablespoons    corn syrup', '1/2  cup    rum', '  shredded coconut']","['mix all ingredients.', 'roll into 1 inch balls.', 'roll balls into cocoanut.']","['30-minutes-or-less', 'time-to-make', 'course', 'preparation', 'for-large-groups', 'healthy', 'desserts', 'easy', 'cookies-and-brownies', 'dietary', 'low-cholesterol', 'healthy-2', 'low-in-something', 'number-of-servings', '3-steps-or-less']"
Best Ever Chocolate Chip Cookies!,These cookies are wonderful because they don't flatten out and they stay soft!!,"['1/2  cup    butter', '1/2  cup    margarine', '1   cup    brown sugar', '1   cup    white sugar', '1   teaspoon    vanilla', '1   teaspoon    lemon juice', '1   teaspoon    salt', '2       eggs', '4   cups    flour', '1 1/2  teaspoons    baking powder', '1 1/2  teaspoons    baking soda', '1   cup    chocolate chips (more or less to taste)', '  nuts']","['Cream together butter, margarine and sugars.', 'Next add vanilla, lemon juice, eggs, and salt.', 'Stir in dry ingredients.', 'Make cookies desired size.', '(They turn out very well if you roll the dough into a ball then flatten it some onto the cookie sheet).', 'Bake at 350 degrees for about 13 minutes.', 'Makes around 4 dozen.']","['weeknight', 'time-to-make', 'course', 'preparation', 'drop-cookies', 'desserts', 'cookies-and-brownies', 'dietary', 'number-of-servings', '4-hours-or-less']"
Chocolate Pretzel Cookies,use coarse sugar to resemble salt and these pretzels will look like their pretzel clones,"[""2   ounces    baker's unsweetened chocolate squares"", '1/4  cup    butter, softened ', '1/4  cup    Crisco', '1/2  cup    brown sugar, packed ', '1   pinch    salt', '  coarse sugar', '1/2  teaspoon    cinnamon', '2   large    eggs', '2 1/4  cups    flour', '1       egg white, lightly beaten ']",[],"['time-to-make', 'course', 'preparation', 'hand-formed-cookies', 'desserts', 'cookies-and-brownies', 'dietary', 'low-sodium', 'low-in-something', '4-hours-or-less']"
Whole Wheat Chocolate Chip Cookie,"A version of another recipe, just healthier!","['1 1/2  cups    rolled oats', '2   cups    whole wheat flour', '1   teaspoon    baking soda', '1   teaspoon    salt', '1/2  cup    butter, softened ', '1/2  cup    applesauce', '2/3  cup    white sugar', '2/3  cup    brown sugar', '2   large    eggs', '2   teaspoons    vanilla', '2   cups    chocolate chips']","['Preheat oven to 350 degrees.', 'Grease a baking sheet or use a baking stone.', 'Grind rolled oats in a blender or food processor, then transfer to a medium bowl.', 'Add in flour, baking soda and salt; mix to combine.', 'In a separate bowl beat butter until fluffy.', 'Add in applesauce, both sugars, egg, and vanilla extract; beat until smooth and creamy.', 'Add in dry ingredients and mix just until combined.', 'Add in chocolate chips.', 'Drop by heaping teaspoonfuls onto greased baking sheet.', 'Bake (one sheet at a time) until firm around the edges and golden on top (about 12-15 minutes).', 'Cool cookies for 2 minutes on sheet then remove to wire rack to cool completely.']","['weeknight', '60-minutes-or-less', 'time-to-make', 'course', 'preparation', 'occasion', 'for-large-groups', 'drop-cookies', 'desserts', 'cookies-and-brownies', 'inexpensive', 'number-of-servings']"
Deep Dark Brownies - Dairy and Gluten Free,Adapted from the recipe on the back of the King Arthur Double Dutch Dark Cocoa bag...delicious and quick.,"['2/3  cup    dark cocoa', '1 1/2  cups    sugar', ""1/2  cup    confectioners' sugar"", '3/4  teaspoon    salt', '1   teaspoon    xanthan gum', '3/4  cup    rice flour', '2   tablespoons    potato starch', '2   tablespoons    tapioca flour', '1   tablespoon    espresso powder', '1   cup    chocolate chips', '3   large    eggs', '1/2  cup    canola oil', '2   tablespoons    water or 2   tablespoons    coffee']","['Preheat oven to 350°F.', 'Mix all of the dry ingredients.', 'Add all the wet ingredients.', 'Bake in a greased 8 x 8 pan for 25-30 minutes.', 'Cool before cutting.']","['60-minutes-or-less', 'time-to-make', 'course', 'preparation', 'desserts', 'cookies-and-brownies', 'dietary', 'gluten-free', 'free-of-something']"
Spritz Cookies,"This recipe came with my cookie press and I am posting it here for safe keeping. The dough works particularly well with the press, and makes well-formed cookies.","['1   cup    unsalted butter, at room temperature ', '1   cup    sugar', '1   large    egg', '2 1/2  teaspoons    vanilla extract', '1/2  teaspoon    ground cardamom', '1/2  teaspoon    salt', '2 1/2  cups    all-purpose flour, sifted ']","['Preheat the oven to 375Ëš F.', 'Combine the butter and sugar in a large bowl. Using an electric mixer set on medium speed, beat until light and fluffy.', 'Beat in the egg, vanilla extract, cardamom (if using), and salt. Using a spoon, stir in the flour until well mixed.', 'Pack the dough into a cookie press. Fit the press with the desired disk, and press the dough out onto an ungreased cookie sheet, spacing the cookies 1 inch apart.', 'Bake until lightly golden, about 10 to 12 minutes. Gently transfer the cookies to wire racks to cool. Sprinkle with vanilla sugar, if desired, or decorate with icing.']","['60-minutes-or-less', 'time-to-make', 'course', 'cuisine', 'preparation', 'occasion', 'desserts', 'german', 'european', 'holiday-event', 'cookies-and-brownies', 'christmas']"
Holiday Wreaths With Cherries Spritz Cookies for Cookie Press,"Every holiday season I always make several different of batches of spritz cookies, but this variation is my favorite. The kids always help make the cookies and is becoming a tradition in our home.Prep time includes chill time and cooking time assumes 15 minutes per dozen","['1   cup    butter, softened to room temperature ', '3   ounces    fat free cream cheese, softened to room temperature ', '1   cup    granulated sugar', '1       egg yolk', '1 1/2  teaspoons    vanilla extract, pure not imitation ', '1/2  teaspoon    almond extract', '2 1/2  cups    all-purpose flour', '1/2  teaspoon    baking powder', '1/4  teaspoon    salt', '4   dozen    red maraschino cherries', '1/4  cup    decorator sugar, green color  (or enough to coat cookies)']",[],"['course', 'occasion', 'desserts', 'holiday-event', 'kid-friendly', 'cookies-and-brownies', 'dietary', 'christmas']"
Citrus Sugar Cookie Dough,I love these sugar cookies for the wonderful combination of orange and lemon. The dough can be a bit tender. I will advise to use floured parchment paper to roll out the dough and cut cookies. Remove the scraps so you don't have to move the cookies.,"['2   cups    unbleached all-purpose flour', '1 1/2  teaspoons    baking powder', '1/4  teaspoon    salt', '3/4  cup    unsalted butter, room temperature ', '1 1/4  teaspoons    lemon peel, grated ', '1 1/4  teaspoons    tangerine peel or 1 1/4  teaspoons    orange peel, grated ', '1/2  cup    sugar', '1/4  cup    powdered sugar', '1   large    egg', '3   tablespoons    fresh lemon juice', '1/8  cup    milk', '3 -4   cups    powdered sugar', ' assorted food coloring (such as blue, red, yellow and green)']","['Sift flour, baking powder and salt into medium bowl.', 'Using electric mixer, beat butter, lemon peel and tangerine peel in large bowl until light.', 'Add 1/2 cup sugar and 1/4 cup powdered sugar and beat until fluffy.', 'Beat in egg.', 'Add dry ingredients. Using spoon, stir until mixture forms dough (dough will be soft).', 'Divide dough into thirds. Gather each third into ball; flatten into disks. Wrap each disk in plastic and refrigerate until firm, about 4 hours. (Can be prepared 2 days ahead. Keep refrigerated. Let soften slightly, if necessary, before rolling out.).', 'Preheat the oven to 350°F Generously flour work surface and rolling pin. Place 1 dough disk on work surface (keep remaining 2 dough disks refrigerated). Press rolling pin into dough several times to flatten slightly for easier rolling. Roll out dough to 1/8- to 1/4-inch thickness, frequently lifting and turning dough to prevent sticking. Using assorted cookie cutters dipped into flour, cut out cookies. Transfer cookies to ungreased nonstick baking sheets, spacing 1/2 inch apart. Gather dough scraps together and reserve.', 'Bake until cookies turn brown on edges, about 15 minutes. Let cookies stand on sheets 1 minute. Using metal spatula, transfer cookies to racks and cool completely.', 'Repeat rolling, cutting and baking with remaining 2 dough disks as described above, being sure to cool cookie sheets before making each batch. Combine all reserved dough scraps and shape into ball; flatten into disk. Wrap disk in plastic and freeze until firm enough to roll, about 30 minutes. Repeat rolling, cutting and baking as described above. Store cooled cookies in airtight container at room temperature until ready to decorate.', 'Frosting:', 'Combine lemon juice and milk in large bowl. Whisk in 5 cups powdered sugar. Gradually whisk in enough remaining sugar by 1/2 cupfuls to form icing stiff enough to pipe (mixture will resemble stirred sour cream). Transfer 2/3 cup icing to small bowl to use as white icing; set aside. Divide remaining icing equally among 2 or more small bowls; mix food coloring by drops into each bowl, tinting icing to desired shade. If necessary, stir more sugar into icing to thicken.']","['course', 'occasion', 'rolled-cookies', 'desserts', 'holiday-event', 'cookies-and-brownies', 'christmas']"
Surprise Cookies,These little tidbits are wonderful! They look awesome too! Found them on Martha Stewart site.,"['1 3/4  cups    all-purpose flour', '3/4  cup    cocoa powder', '1/2  teaspoon    baking soda', '1/2  teaspoon    salt', '1/2  cup    unsalted butter, softened ', '1   cup    sugar', '1   large    egg', '1/2  cup    milk', '1   teaspoon    pure vanilla extract', '12   large    marshmallows, cut in half horizontally ', ""2   cups    confectioners' sugar"", '4   tablespoons    unsalted butter, melted & cooked ', '1/4  cup    cocoa powder', '1/4  cup    milk', '1/4  teaspoon    pure vanilla extract']",[],"['30-minutes-or-less', 'time-to-make', 'course', 'main-ingredient', 'preparation', 'occasion', 'for-large-groups', 'drop-cookies', 'desserts', 'kid-friendly', 'cookies-and-brownies', 'chocolate', 'dietary', 'gifts', 'comfort-food', 'toddler-friendly', 'taste-mood', 'number-of-servings']"
Kahlua Chocolate Chip Cookies,Monster cookies.,"['1/2  cup    unsalted butter or 1/2  cup    margarine, room temp ', '1/2  cup    brown sugar, packed ', '2   teaspoons    granulated sugar', '1       egg, lightly beaten room temp ', '1   teaspoon    pure vanilla extract', '1/3  cup   toasted walnuts, measured after rough chop ', '1/3  cup    chocolate chips, measured after rough chop ', '3/4  cup    whole wheat flour', '3/4  cup    all-purpose flour', '1/2  teaspoon    baking soda', '1/2  teaspoon    salt', '1/4  teaspoon   freshly grated cinnamon or 1/2  teaspoon    ground cinnamon', '1/4  cup    Kahlua']","['Heat oven to 350°F.', 'In a large bowl, cream butter ( or margarine ) and sugars. Stir in egg and vanilla extract. Stir in walnuts and chocolate chips.', 'In another bowl, sift flours with baking soda, salt and cinnamon, Then add to the creamed mixture. Mix in the Kahlua ( dough should be the consistency of playdough - If too dry - add a splash of Kahlua. If too wet - add flour ).', 'Roll dough into a log and divide into 8 pieces, placing pieces on a parchment lined cookie sheet and flatten with flour dusted palm of your hand.', 'Bake for 10- 12 minutes or until done - ovens vary.']","['30-minutes-or-less', 'time-to-make', 'course', 'preparation', 'hand-formed-cookies', 'desserts', 'cookies-and-brownies', 'dietary', 'number-of-servings']"
Katalin's Classic Sugar Cookies,"I haven't tried these yet, but my friend Katalin is an amazing cook, so I'm assuming these are going to be delicious. Enjoy!","['2   cups    all-purpose flour, sifted ', '2   teaspoons    baking powder', '1/2  teaspoon    salt', '2   large    eggs', '3/4  cup    sugar, plus additional sugar for topping ', '2/3  cup    vegetable oil', '2   teaspoons    vanilla extract', '1   teaspoon    lemon zest']","['Preheat oven to 400°F.', 'Sift flour, baking powder and salt into a medium bowl and mix well.', 'Whisk eggs in a large bowl until blended. Add sugar, oil, vanilla extrct and lemon zest and mix well.', 'Stir the dry ingredients into egg mixture until blended.', 'Chill, covered, for 30 minutes or longer.', 'Drop cookie dough by rounded teaspoonfuls 2 inches apart onto ungreased baking sheets.', 'Mist the bottom of a 3-inch flat-bottom glass with water and dip glass in additional sugar.', 'Press the top of each cookie lightly with the glass to flatten, misting glass with water and dipping in sugar before pressing each cookie.', 'Bake cookies until lightly browned, about 8 minutes.', 'Cool on baking sheets for 2 minutes.', 'Remove to wire racks to cool completely.']","['60-minutes-or-less', 'time-to-make', 'course', 'preparation', 'occasion', 'drop-cookies', 'desserts', 'easy', 'kid-friendly', 'cookies-and-brownies', 'dietary', 'gifts', 'inexpensive', 'taste-mood', 'sweet']"
Butterscotch Chewies Cookies (Gift Mix in a Jar),Gift jar directions at bottom of the recipe - add onto a recipe card and attach to the gift! Or skip the gift making and indulge yourself with this treat!! NOTE: This recipe is to be prepared one QUART size wide mouth canning jar and will yield 4 dozen cookies.,"['2   cups    flour', '1   teaspoon    cinnamon', '1/2  teaspoon    salt', '1/2  teaspoon    baking soda', '1   teaspoon    baking powder', '1   cup    light brown sugar, packed ', '1 1/4  cups    butterscotch chips', '2/3  cup   solid butter flavor shortening', '2       eggs', '1   teaspoon    vanilla extract']","['Creating the Gift in a Jar:', 'Wash and thoroughly dry a 1-quart wide-mouth canning jar.', 'Layer the ingredients in the jar as listed above starting with the flour, cinnamon, salt, baking soda, baking powder, light brown sugar and then butterscotch chips - make sure to press firmly with a flat bottomed object after each addition; make the layers as level as possible.', 'Secure the lid and decorate as desired; attach the instructions for making these cookies found below.', 'BUTTERSCOTCH CHEWIES COOKIES GIFT TAG:', 'Additional ingredients to be added by the recipient: 2/3 cup solid butter-flavored shortening (such as Butter Flavor Crisco), 2 eggs and 1 tsp vanilla extract.', 'COOKIE INSTRUCTIONS:', 'Preheat oven to 400.', 'In a large bowl, blend the shortening, eggs and vanilla extract.', 'Add the contents of the jar, and stir until well mixed.', 'Drop the dough by heaping teaspoonfuls onto an ungreased baking sheet, spacing the cookies about 2 inches apart.', 'Bake for 7-9 minutes, or until the edges are light brown in color.', 'Allow to cool for 2 minutes on the baking sheet, then transfer to wire racks and cool completely.', 'Serve immediately or store in an airtight container for up to 1 week.']","['60-minutes-or-less', 'time-to-make', 'course', 'preparation', 'occasion', 'for-large-groups', 'desserts', 'holiday-event', 'cookies-and-brownies', 'gifts', 'christmas', 'number-of-servings']"
Corn Meal Apricot Nut Cookies,"A different kind of cookie. This recipe originally called for shortening, but I never use it, so I always substitute butter. I think butter gives a much better flavor, especially to baked goods.","['1   cup    butter', '1 1/2  cups    sugar', '2       eggs', '1   teaspoon    lemon extract', '1   cup   chopped dried apricot', '1/2  cup   finely-chopped walnuts or 1/2  cup    pecans', '3   cups    cake flour, separated ', '1   teaspoon    baking powder', '1   teaspoon    nutmeg', '1/2  teaspoon    salt', '1   cup    yellow cornmeal']","['Cream butter; add sugar, eggs and lemon extract. Beat well.', 'Dredge apricots with 1/2 cup of the flour and add.', 'Sift remaining flour with other dry ingredients and add; mix well.', 'Add nuts if desired.', 'Drop by teaspoonfuls onto greased (or use parchment paper) cookie sheet; flatten with a fork.', 'Bake 10 to 12 minutes at 400°F.']","['time-to-make', 'course', 'preparation', 'for-large-groups', 'desserts', 'cookies-and-brownies', 'number-of-servings', '4-hours-or-less']"
Sticky Brownies,Very gooey and chocolatey and rich.Use milk chocolate and splenda for a cakier version.Source: Practical cooking- Chocolate,"['1/3  cup    butter, generous ', '3/4  cup    granulated sugar', '1/2  cup    brown sugar', '4 1/2  ounces    dark chocolate', '1   tablespoon    light corn syrup', '2       eggs', '1   teaspoon    chocolate or 1   teaspoon    vanilla extract', '3/4  cup    all-purpose flour', '2   tablespoons    unsweetened cocoa', '1/2  teaspoon    baking powder']","['Lightly Grease an 8 inch/ 20 cm shallow square cake pan and line the bottom with parchment.', 'Preheat oven at 350 degrees Fahrenheit (180 C).', 'Place butter, sugars, chocolate, and corn syrup in a heavy based pan and heat gently, stirring until the mixture is well blended and smooth (or heat carefully in microwave).', 'Remove from heat and let cool.', 'Beat together eggs and extract. Whisk in the chocolate mixture.', 'Strain together the flour, cocoa, and baking powder; fold carefully into the egg and chocolate mixture using a metal spoon or spatula.', 'Spoon the mixture into a prepared pan and bake in a preheated 350 degrees Fahrenheit oven for 25 minutes or until the top is crisp and the edge of the cake is beginning to shrink away from the pan. The inside of the cake mixture will still be quite stodgy and soft to the touch.', 'Let the cake cool completely then cut into squares to serve.', 'Brownies can be well wrapped and frozen for up to 2 months. Thaw at room temp for about 2 hours or overnight in the fridge.']","['time-to-make', 'course', 'main-ingredient', 'preparation', 'desserts', 'easy', 'cookies-and-brownies', 'chocolate', 'dietary', 'low-sodium', 'low-in-something', '4-hours-or-less']"
Cookie Salad,A Holiday must!,"['1   cup    buttermilk', '1 (3 1/2  ounce) package   instant vanilla pudding', '1 (16   ounce) container   Cool Whip', '1 (11 1/2  ounce) package   fudge-striped shortbread cookies', '1 (29   ounce) can   fruit cocktail, drained ']","['Mix buttermilk and dry pudding powder in a LARGE bowl that has a lid.', 'Add cool whip.', 'Crush 3/4 of the package of cookies and mix inches.', 'Mix in the fruit.', 'Crush the remaining cookies and sprinkle on top.', 'Cover and chill for 12-24 hours.']","['15-minutes-or-less', 'time-to-make', 'course', 'preparation', '5-ingredients-or-less', 'side-dishes', 'easy']"
Peanut Chocolate Whirls,From a Taste Of Home Magazine.  Great taste and super Kid friendly.,"['1/2  cup    shortening', '1/2  cup    creamy peanut butter', '1   cup    sugar', '1       egg', '2   tablespoons    milk', '1   teaspoon    vanilla extract', '1 1/4  cups    all-purpose flour', '1/2  teaspoon    baking soda', '1/2  teaspoon    salt', '1   cup    semi-sweet chocolate chips']","['In a mixing bowl, cream shortening, peanut butter and sugar.', 'Add egg, milk and vanilla.', 'Combine the flour, baking soda and salt; gradually add to creamed mixture.', 'Turn onto lightly floured surface; roll into a 16 inch by 12 inch rectangle.', 'Melt chocolate chips; cool slightly.', 'Spread over dough to within 1/2 inch of edges.', 'Tightly roll up jelly-roll style, starting with a long side.', 'Wrap in plastic wrap; refrigerate for up to 30 minutes.', 'Unwrap and cut into 1/4 inch slices.', 'Place 1 inch apart on ungreased baking sheets.', 'Bake at 350° for 8-10 minutes or until lightly browned.', 'Remove to wire racks to cool.']","['60-minutes-or-less', 'time-to-make', 'course', 'preparation', 'rolled-cookies', 'desserts', 'easy', 'cookies-and-brownies']"
M&M Monster Cookies,"This has been a family favorite for so long, each year there is a new addition or adjustment. Finally I think we're done altering this cookie. Notes: Molasses isn't required, if you don't have it, no problem any of the additions can be altered as long it remains approximately the same quantities.","['1/2 cup butter (softened)', '1/2 cup shortening', '1/2 cup sugar', '1 cup dark brown sugar', '2 eggs', '1 tablespoon vanilla', '2 tablespoons molasses', '2 cups flour', '2 teaspoons baking powder', '2 teaspoons baking soda', '1/2 teaspoon kosher salt', '2 cups old fashioned oats', '1 cup pretzel, crushed', ""1 / 4 cups M&M'"", '1/2 cup semi-sweet chocolate chips', '1/2 cup white chocolate chips', '1/2 cup coconut', '1/2 cup pecans, chopped', '1/2 cup dried cranberries']",[],"['30-minutes-or-less', 'time-to-make', 'course', 'preparation', 'occasion', 'for-large-groups', 'drop-cookies', 'desserts', 'holiday-event', 'cookies-and-brownies', 'number-of-servings']"
Lemon Leaves,"Sugar, chopped pistachios and lemon peel sprinkled on top of these cookies make them extra special. Feel free to use whatever cookie cutters you have on hand.","['1/2  cup    butter, softened ', '1 1/3  cups    sugar, divided ', '1       egg', '1   tablespoon    half-and-half cream', '1   teaspoon    lemon extract', '2 1/4  cups    all-purpose flour', '3   teaspoons    baking powder', '1/2  teaspoon    salt', '2       egg yolks', '1   teaspoon    water', '1/4  cup   finely chopped pistachios', '1 1/2  teaspoons   grated lemon peel']","['In a large bowl, cream the butter and 1 cup of sugar until light and fluffy. Beat in the egg, cream and extract. Combine the flour, baking powder and salt; gradually add to creamed mixture and mix well. Cover and refrigerate for 2 hours or until dough is easy to handle.', 'In a small bowl, beat the egg yolks and water. In another bowl, combine the pistachios, lemon peel and remaining sugar.', 'On a lightly floured surface, roll out dough to 1/8-inch thickness. Cut with a 2 1/2-inch leaf-shaped cookie cutter dipped in flour. Place 1 inch apart on ungreased baking sheets. Brush with the egg yolk mixture; sprinkle with the pistachio mixture.', 'Bake at 350-degrees for 6-8 minutes or until the edges are set (do not brown). Remove to wire racks to cool.']","['time-to-make', 'course', 'main-ingredient', 'preparation', 'occasion', 'for-large-groups', 'rolled-cookies', 'desserts', 'fruit', 'fall', 'holiday-event', 'cookies-and-brownies', 'thanksgiving', 'seasonal', 'citrus', 'lemon', 'number-of-servings', '4-hours-or-less']"
Maple Meringues,Posted for ZWT'06 for Canada.,"['4       egg whites', '1/4  teaspoon    cream of tartar', '3/4  cup    granulated sugar', ""1/4  cup    confectioners' sugar"", '1/2  teaspoon    maple extract']","['Preheat the oven to 300 degrees F (150 degrees C). Line cookie sheets with parchment paper.', 'In a large glass or metal bowl, whip egg whites with cream of tartar until foamy. Gradually add white sugar and confectioners sugar 1 tablespoon at a time while continuing to whip to stiff glossy peaks.', 'Mix in the maple extract. Spoon meringue onto the prepared cookie sheets in 1 inch circles.', 'Place in the preheated oven, and immediately reduce the temperature to 250 degrees F (120 degrees C). Bake for 50 to 60 minutes, until cookies are dry and easy to remove from the paper.']","['course', 'cuisine', 'preparation', 'north-american', 'desserts', 'canadian', 'easy', 'cookies-and-brownies']"
Bake a Batch of &quot; Peaches&quot; Cookies,"These are fun to make and pretty to look at as well as tasting good.  You can get the kids involved at the end to ""color"" them. Very impressive when placed on your cookie tray at Christmas!  I know that cookies are not for the dieters but this cookie packs a few extra calories. Don't be afraid of the oil amount or sugar. But it's cookies so forget the diet and live it up! Bet you'll have more than one :)  The yield depends on the size of the ""balls"" you make so it will vary on the baker.","['4       eggs', '1   cup    vegetable oil', '1   cup    sugar', '4   cups    flour', '4   teaspoons    baking powder', '2   cups    peach preserves', '2   ounces    amaretto liqueur', '1   tablespoon    water', '4 (4 -6   ounce) packages   peach Jell-O', '3/4  cup    granulated sugar']",[],"['60-minutes-or-less', 'time-to-make', 'course', 'preparation', 'desserts', 'cookies-and-brownies']"
Coconut Balls,Yummy little cookies from Martha Stewart's Everday Food magazine (Issue #7),"['1   cup    butter', '1/4  cup    icing sugar', '2   cups    flour', '1/4  teaspoon    salt', '2   cups    sweetened flaked coconut']","['Preheat oven to 350 degrees.', 'Cream butter with icing sugar until fluffy.', 'Mix in flour and salt until they are just combined.', 'Stir in coconut.', 'Roll dough into 1 inch balls and place on cookie sheet.', 'Bake until just starting to brown, about 15-20 minutes.', 'Roll warm cookies in icing sugar.', 'Cool completely and enjoy.']","['30-minutes-or-less', 'time-to-make', 'course', 'preparation', 'for-large-groups', '5-ingredients-or-less', 'hand-formed-cookies', 'desserts', 'easy', 'cookies-and-brownies', 'number-of-servings']"
Molasses Cookies,"Mom's molasses cookie recipe.  I remember making these as a child. Instead of rolling in sugar, I rolled in salt.  Bad tasting mistake!!","['3/4  cup    shortening, melted ', '1   cup    sugar', '1/4  cup    molasses', '1       egg', '2   cups    flour', '1/2  teaspoon    ground ginger', '1   teaspoon    ground cinnamon', '1/2  teaspoon    salt', '2   teaspoons    baking soda', '1/2  teaspoon    ground cloves']","['Allow shortening to cool.', 'Add sugar, molasses and egg to shortening.  Beat well.', 'Sift together flour, ginger, cinnamon, salt, baking soda, and cloves.', 'Add dry ingredients to the wet ingredients.', 'Mix &amp; chill.', 'Form in bolls and roll in couse sugar.', 'Bake at 375degrees for 8-10 minutes.']","['30-minutes-or-less', 'time-to-make', 'course', 'preparation', 'occasion', 'for-large-groups', 'desserts', 'fall', 'holiday-event', 'winter', 'cookies-and-brownies', 'dietary', 'christmas', 'seasonal', 'number-of-servings']"
Easy Spritz Cookies,This is another easy version of Spritz Cookies with a cake mix.,"['18 1/4  ounces    white cake mix', '2 3/4  cups    flour', '1   lb    butter, divided ']","['Preheat oven to 350 degrees.', 'Melt two sticks(1/2 pound) butter.', 'Allow the remaining butter to reach room temperature and soften.', 'In a small bowl combine the flour and melted butter.', 'Mix well(you may want to return mixture to the microwave until mixture is pourable).', 'Pour melted butter mixture into cake mix in a large bowl.', 'Add softened butter.', 'Mix until all ingredients have been incorporated until smooth.', 'If dough is still stiff knead until softened.', 'Spray cookie sheets lightly with cooking spray.', 'Shape as desired.', 'Bake for 14-16 minutes until lightly browned.']","['30-minutes-or-less', 'time-to-make', 'course', 'preparation', 'occasion', '5-ingredients-or-less', 'desserts', 'easy', 'holiday-event', 'kid-friendly', 'cookies-and-brownies', 'dietary', 'novelty']"
Divine Chocolate Macaroons,"These sounds absolutly DIVINE! I just love coconut,and this is a really nice recipe,not difficult and definitly worth making.I hope you think so too! 8)","['1/4  cup   cold water', '4       egg whites, beaten ', '2/3  cup    sugar', '2   teaspoons    vanilla extract', '1/2  teaspoon    salt', '1   tablespoon    cake flour', '2   ounces    chocolate, melted ', '3   cups   shredded coconut']",[],"['60-minutes-or-less', 'time-to-make', 'course', 'main-ingredient', 'preparation', 'occasion', 'drop-cookies', 'desserts', 'fruit', 'easy', 'dinner-party', 'vegetarian', 'cookies-and-brownies', 'nuts', 'dietary', 'coconut', 'number-of-servings']"
Old Fashioned Oatmeal Raisin Cookies,"Cookies like Grandma used to make. The secret is boiling the raisins to plump them up, which adds a great dimension to the wonderful spicy taste of this soft cookie. These are real special!","['1   cup    seedless raisin', '1   cup    water', '3/4  cup    shortening', '1 1/2  cups    sugar', '2   large    eggs', '1   teaspoon    vanilla', '2 1/2  cups    flour', '1/2  teaspoon    baking powder', '1   teaspoon    baking soda', '1   teaspoon    salt', '1   teaspoon    cinnamon', '1/2  teaspoon    clove', '2   cups    rolled oats', '1/2  cup   chopped walnuts']",[],"['30-minutes-or-less', 'time-to-make', 'course', 'preparation', 'low-protein', 'drop-cookies', 'desserts', 'oven', 'cookies-and-brownies', 'dietary', 'low-sodium', 'low-in-something', 'equipment', 'number-of-servings']"
Corn Flakes Macaroons,"This is another recipe I used to make every Christmas as a kid, all by myself. Sticky, sweet, messy...I had so much fun making and eating them. Originally from the ""Jones Farm Country Kitchen"" community cookbook.","['2   large    eggs, beaten ', '1   cup    granulated sugar', '1   cup    dried coconut, shredded  (I used the sweetened kind in bags)', '1   teaspoon    vanilla', '3   cups    corn flakes cereal', '  candied cherry, halved ']","['Mix everything except the cherries together.', 'Drop in small mounds onto parchment lined baking sheets (using 2 spoons to help smoosh the mixture into a mound - be patient here, it will look somewhat too loose, but as it cooks it melts together.', 'Garnish with a cherry half if desired, pretty down gently.', 'Bake about 8-10 minutes, in a preheated 350°F oven.', 'Allow to cool a bit on the baking sheets before carefully removing to racks to cool - but not too long or they will harden up too much.']","['30-minutes-or-less', 'time-to-make', 'course', 'main-ingredient', 'preparation', 'occasion', 'healthy', 'drop-cookies', 'desserts', 'fruit', 'holiday-event', 'kid-friendly', 'cookies-and-brownies', 'nuts', 'dietary', 'christmas', 'coconut', 'taste-mood', 'sweet', 'number-of-servings']"
Chocolate Chip Biscotti,They are Italain!  Meant to be dunked in coffee!,"['17 1/2  ounces    sugar cookie mix', '1/3  cup    butter (or margarine, softened)', '1       egg', '1/4  cup    all-purpose flour', '1/2  cup    hazelnuts (toasted chopped)', '1/2  cup    cranberries (cherry-flavored dried, coarsely chopped)', '2   cups    semi-sweet chocolate chips']","['1.   1 Heat oven to 350°F In large bowl, stir cookie mix, butter, egg, flour, hazelnuts, cranberries and 1 1/2 cups chocolate chips until stiff dough forms. Shape half of dough at a time into 8x2 1/2-inch rectangle on ungreased cookie sheet. Bake 20 to 25 minutes or until golden brown. Cool on cookie sheet 15 minutes.', '2. 2 Cut crosswise into 3/4-inch slices. Place slices, cut sides down, on cookie sheet. Bake 10 to 12 minutes, turning once, until crisp. Remove from cookie sheet to wire rack. Cool completely, about 20 minutes.', '3. 3 In small microwavable bowl, microwave 1/2 cup chocolate chips on High 30 to 60 seconds; stir until smooth. Drizzle chocolate over one side of each biscotti. Let stand until chocolate is set.']","['time-to-make', 'course', 'preparation', 'desserts', 'easy', 'cookies-and-brownies', 'biscotti', '3-steps-or-less', '4-hours-or-less']"
Nelson Family Cookie Bake Ting a Lings,Chocolate covered chow mien noodles...a traditional favorite,"['1   lb    dipping chocolate', '1 (18   ounce) can   chow mein noodles']","['Melt chocolate in Microwave.', 'Heat 30 seconds, stir and repeat until chocolate is dipping consistency.', 'Add Chow Mien Noodles to Chocolate.', 'Drop by spoonfuls into small decorative paper cups.']","['30-minutes-or-less', 'time-to-make', 'course', 'preparation', '5-ingredients-or-less', 'drop-cookies', 'desserts', 'easy', 'cookies-and-brownies']"
Best White Chocolate Butterscotch Cookies,I love chocolates!! Especially white n dark ones.,"['2 1/2  cups    flour', '1   teaspoon    baking soda', '1/4  teaspoon    salt', '1   cup   softened unsalted butter', '1 1/2  cups    dark brown sugar', '2       eggs', '1   tablespoon    light molasses', '2   teaspoons    vanilla', '1   cup   toasted chopped pecans', '3/4  cup    butterscotch chips', '3/4  cup    white chocolate chips']",[],"['60-minutes-or-less', 'time-to-make', 'course', 'main-ingredient', 'preparation', 'occasion', 'for-1-or-2', 'desserts', 'kid-friendly', 'cookies-and-brownies', 'chocolate', 'dietary', 'toddler-friendly', 'taste-mood', 'sweet', 'number-of-servings']"
Chocolate Pecan Shortbread,I got this from a local grocery store's email.,"['1 1/2  cups    all-purpose flour', '1/2  cup    unsweetened cocoa powder', '1/2  cup    powdered sugar', '1   cup    unsalted butter', '1/2  teaspoon    vanilla extract', '1   cup    sugar', '1/2  cup    pecans, ground ']","['Preheat the oven to 350°F', 'Grease a baking sheet well.', 'Place the flour, cocoa, and powdered sugar in a food processor.', 'Turn the machine on and slowly add the butter, 2 tablespoons at a time.', 'Add the vanilla and process until the dough forms a ball on top of the blades.', 'In the palms of your hands, roll the dough into circles about 1/2 inch thick.', 'Place on the prepared baking sheet and press each circle of dough down with the bottom of a glass until it is about 1/4 inch thick.', 'Sprinkle the dough with the granulated sugar and pecans and press again to flatten.', 'Bake the cookies until brown, about 10 minutes.', 'Cool them on the baking sheet before serving.']","['60-minutes-or-less', 'time-to-make', 'course', 'main-ingredient', 'cuisine', 'preparation', 'occasion', 'north-american', 'for-large-groups', 'hand-formed-cookies', 'desserts', 'lunch', 'snacks', 'fruit', 'american', 'oven', 'european', 'potluck', 'finger-food', 'holiday-event', 'vegetarian', 'cookies-and-brownies', 'chocolate', 'scottish', 'nuts', 'food-processor-blender', 'dietary', 'gifts', 'christmas', 'low-sodium', 'brown-bag', 'egg-free', 'free-of-something', 'low-in-something', 'to-go', 'equipment', 'small-appliance', 'number-of-servings', 'presentation', 'served-cold']"
Easy Bake Oven Choco-Peanut Butter Cookies,"I recently found this when I helped my sisters pull out my old Easy Bake Oven. It's a recipe I devised when I was a kid, piggybacked from a recipe that came with some of my mixes.","['1/4  cup    flour', '1   tablespoon    butter', '1 1/4  tablespoons    peanut butter', '2   tablespoons    sugar', '1   teaspoon    sugar', '1   teaspoon    powdered chocolate milk mix']",[],"['30-minutes-or-less', 'time-to-make', 'course', 'preparation', 'occasion', 'for-large-groups', 'desserts', 'kid-friendly', 'cookies-and-brownies', 'dietary', 'novelty', 'number-of-servings']"
Pumpkin Gobs,"I received this recipe from a friend at work. Really good, rich sandwich type cookie.","['2   cups   packed light brown sugar or 2   cups    dark brown sugar, your choice ', '1   cup    shortening', '2   cups    pumpkin', '2       eggs', '3 1/2  cups    all-purpose flour', '1 1/2  teaspoons    cinnamon', '1   teaspoon    pumpkin pie spice', '1/2  teaspoon    salt', '1   teaspoon    baking soda', '1   teaspoon    baking powder', '1 1/2  teaspoons    vanilla extract', '3/4  cup    evaporated milk, heated, estimated amount ', '1/2  cup    shortening', '1/2  cup    butter', '1   teaspoon    vanilla extract', '1   cup    sugar']","['Preheat oven to 350 degrees F.', 'For cookies.', 'Cream the brown sugar and 1 cup shortening.', 'Add remaining cookie ingredients and mix until well blended.', 'Drop by heaping teaspoons full onto greased cookie sheet.', 'Flatten with the back of spoon, leaving small rounded indentation in center of cookie.', 'Bake for 10-12 minutes.', 'Let cook slightly on baking sheet then remove to wire rack to cool completely.', 'Filling: Heat milk.', 'Cream together the remaining filling ingredients.', 'Slowly add milk and beat until creamy.  You may not need to use the entire 3/4 cup of milk.  Use just what you need to get the consistency you want.', 'Take 1/2 of the cookies and divide the filling among these cookies.', 'Place the remaining cookies on top to make a sandwich.', 'Eat and enjoy.']","['60-minutes-or-less', 'time-to-make', 'course', 'preparation', 'occasion', 'desserts', 'oven', 'easy', 'beginner-cook', 'fall', 'winter', 'cookies-and-brownies', 'dietary', 'seasonal', 'taste-mood', 'sweet', 'equipment', 'number-of-servings']"
Buttery Coconut Cookies,"These cookies are buttery and chewy with extreme coconut flavor, they are a sweet cookie, for a less sweeter taste you may reduce the white sugar by 2 tablespoons if desired, for some reason these are not as good if you double the recipe into one bowl, to double I would suggest to make two separate recipes into two bowls ---if you are a coconut-lover you will love these, I have made these cookies many times, they are very good! --- serving is only estimated and recipe may be doubled successfully.","['1 1/4  cups    all-purpose flour', '1/2  teaspoon    baking soda', '1/4  teaspoon    salt', '1/2  cup    butter, softened  (no substitutes)', '1   teaspoon    coconut extract', '1/2  cup    white sugar', '1/2  cup    brown sugar', '1   large    egg', '1 1/4  cups    flaked coconut']","['Set oven to 350 degrees F.', 'Generously grease a baking/cookie sheet.', 'In a small bowl combine the flour with baking soda and salt.', 'In a medium bowl cream butter with both sugars and coconut extract.', 'Add in egg and beat until smooth and creamy.', 'Add in flour mixture; beat until combined (batter will be slightly thick).', 'Mix in coconut until well combined.', 'Drop by heaping teaspoonfuls onto prepared baking sheet spacing about 3 inches apart.', 'Bake 8-10 minutes until lightly golden brown.', 'Cool on baking sheet then transfer to wire racks.']","['30-minutes-or-less', 'time-to-make', 'course', 'main-ingredient', 'preparation', 'occasion', 'for-large-groups', 'desserts', 'eggs-dairy', 'oven', 'easy', 'beginner-cook', 'holiday-event', 'kid-friendly', 'cookies-and-brownies', 'dietary', 'gifts', 'christmas', 'taste-mood', 'sweet', 'equipment', 'number-of-servings']"
Vanilla Chip Cherry Cookies,From Taste Of Home Magazine.,"['1   cup    butter', '3/4  cup    sugar', '3/4  cup   packed brown sugar', '2       eggs', '1/4  teaspoon    almond extract', '2 1/4  cups    all-purpose flour', '1   teaspoon    baking soda', '1/2  teaspoon    salt', '1 (10 -12   ounce) package   vanilla chocolate chips or 1 (10 -12   ounce) package   white chocolate chips', '1 (10   ounce) jar   maraschino cherries, drained and chopped ']","['In a large mixing bowl, cream butter and sugars. Add eggs, one at a time, beating well after each addition. beat in almond extract. Combine the flour, baking soda and salt; gradually add to the creamed mixture. Stir in chips and cherries.', 'Drop by rounded tablespoons 2 inches apart onto ungreased baking sheets. bake at 350* for 10-12 minutes or until lightly browned. Remove to wire racks to cool.']","['60-minutes-or-less', 'time-to-make', 'course', 'main-ingredient', 'preparation', 'desserts', 'fruit', 'easy', 'cookies-and-brownies', 'pitted-fruit', 'cherries', '3-steps-or-less']"
Award Winning Soft Chocolate Chip Cookies,These cookies are soo soft and yummy!!,"['4 1/2  cups    all-purpose flour', '2   teaspoons    baking soda', '2   cups    butter, softened ', '1 1/2  cups   packed brown sugar', '1/2  cup    sugar', '2 (3 1/2  ounce) packages   vanilla instant pudding mix', '4       eggs', '2   teaspoons    vanilla', '1 (24   ounce) bag   semi-sweet chocolate chips', '2   cups   chopped walnuts']","['Preheat oven to 350. Sift together the flour and baking soda, set aside.', 'In a large bowl, cream together the butter, brown sugar, and sugar. Beat in the instant pudding mix until blended. Stir in the eggs and vanilla. Blend in the flour mixture.', 'Finally, stir in the chocolate chips and nuts. Drop cookies by rounded spoonfuls onto ungreased cookie sheets.', 'Bake for 10 to 12 mins in the preheated oven. Edges should be golden brown.']","['30-minutes-or-less', 'time-to-make', 'course', 'main-ingredient', 'preparation', 'for-large-groups', 'drop-cookies', 'desserts', 'cookies-and-brownies', 'chocolate', 'oamc-freezer-make-ahead', 'number-of-servings']"
Perfect Roll out Sugar Cookie,"This sugar cookie  not only has the perfect vanilla bean taste, but it also holds its shape perfectly when cooked. Everyone absolutely loves this cookie; it won't disappoint.","['1   cup    butter (room temperature)', '1   cup    brown sugar', '1/2  cup    granulated sugar', '3/4  teaspoon    salt', '2   large    eggs (room temperature)', '1   tablespoon    vanilla bean paste', '1/2  teaspoon    almond extract', '1/4  teaspoon    butter flavor extract', '3 3/4  cups    all-purpose flour']","['Place the butter, brown sugar, granulated white sugar, and salt in the mixer and mix until completely incorporated together.', 'Add eggs, bean paste  and extracts and mix until completely incorporated.', 'Add flour all at once and mix until completely blended. The dough will pull away from the sides of the bowl.', 'Separate the dough into two parts and roll each part between parchment paper. I roll mine 3/8 of an inch thick. You can roll however thick you want, but adjust the baking time if your cookies are rolled thinner than 3/8 of an inch.', 'Chill the rolled out dough in the refrigerator for about 3 to 4 hours.', 'Choose a cookie cutter and cut out your cookies into the desired shapes and place them on a cookie sheet lined with parchment paper and place that cookie sheet in the freezer for about 10 to 15 minutes.', 'Bake for 15 minutes in a 350 degree oven. You will know they are done when the gloss is gone off the top of the cookies.', 'Cool and eat plain or decorate with my awesome royal icing. It has a soft bite to it and an awesome taste.']","['30-minutes-or-less', 'time-to-make', 'course', 'preparation', 'for-large-groups', 'desserts', 'snacks', 'number-of-servings']"
